Бренд,Артикул,Количество,Цена
FENOX,K2056C3,> 100 шт.,18.00
,2000,2 шт.,15.06
,AWC1701,2 шт.,15.06
,L260104,2 шт.,15.06
,24322011033,2 шт.,15.06
,BZR07101,2 шт.,15.06
,0986475744,2 шт.,15.06
,0986475795,2 шт.,15.06
,F026009795,2 шт.,15.06
,A12107,2 шт.,15.06
,441005PA0A,2 шт.,15.06
,LW70144,2 шт.,15.06
,K2056,2 шт.,15.06
,KPK2056C3,2 шт.,15.06
,GLBC22,2 шт.,15.06
,GRJ15001,2 шт.,15.06
,HF244185,2 шт.,15.06
,KT028400,2 шт.,15.06
,K000208,2 шт.,15.06
,210503502040,2 шт.,15.06
,2105350204000,2 шт.,15.06
,21050350204000,2 шт.,15.06
,21050350204090,2 шт.,15.06
,4959,2 шт.,15.06
,040184,2 шт.,15.06
,441005PA0A,2 шт.,15.06
,802306,2 шт.,15.06
,PBC4959,2 шт.,15.06
,HYP3886,2 шт.,15.06
,RG21053502040,2 шт.,15.06
,SGBC1024,2 шт.,15.06
,CF705,2 шт.,15.06
,BWF150,2 шт.,15.06
,РЕМКОМПЛЕКТ17Р,2 шт.,15.06
,РЕМКОМПЛЕКТ22Р,2 шт.,15.06
,21053502040,2 шт.,15.06
,K2056CM9,2 шт.,15.06
